[
  {
    "name": "jhon",
    "id": 1,
    "skills": ["NodeJs"],
    "project": "Cognizant Internal",
    "HCM": "Alex",
    "gender": "male"
  },
  {
    "name": "sagar",
    "id": 2,
    "skills": ["ReactJs", "AngularJs"],
    "project": "Cognizant Internal",
    "HCM": "Alex",
    "gender": "male"
  },
  {
    "name": "marry",
    "id": 3,
    "skills": ["ReactJs", "AngularJs"],
    "project": "Cognizant Internal",
    "HCM": "Alex",
    "gender": "female"
  },
  {
    "name": "youg",
    "id": 4,
    "skills": ["ReactJs", "AngularJs"],
    "project": "Cognizant Internal",
    "HCM": "Alex",
    "gender": "male"
  },
  {
    "name": "yashika",
    "id": 5,
    "skills": ["ReactJs", "AngularJs"],
    "project": "Cognizant Internal",
    "HCM": "Alex",
    "gender": "female"
  },
  {
    "name": "sheela",
    "id": 6,
    "skills": ["ReactJs", "AngularJs"],
    "project": "Cognizant Internal",
    "HCM": "Alex",
    "gender": "female"
  },
  {
    "name": "Radhika",
    "id": 7,
    "skills": ["ReactJs", "AngularJs"],
    "project": "Cognizant Internal",
    "HCM": "Alex",
    "gender": "female"
  },
  {
    "name": "Sara",
    "id": 8,
    "skills": ["ReactJs", "AngularJs"],
    "project": "Cognizant Internal",
    "HCM": "Alex",
    "gender": "female"
  },
  {
    "name": "sheela",
    "id": 9,
    "skills": ["ReactJs", "AngularJs"],
    "project": "Cognizant Internal",
    "HCM": "Alex",
    "gender": "female"
  },
  {
    "name": "Rohit",
    "id": 10,
    "skills": ["ReactJs", "AngularJs"],
    "project": "Cognizant Internal",
    "HCM": "Alex",
    "gender": "male"
  }
]
